{"x":-39.389991760253909,"y":54.099998474121097,"z":-103.56999206542969}