{"x":-39.3900146484375,"y":54.099998474121097,"z":-103.56999206542969}